# crc	slot	source	name -- corpus images MAME's hash files miss.
# source: size (unambiguous by size), trace (a52plan --guess16k),
# mame (booted natively under both mappings; the one that ran).
01e6ea2d	a5200_rom	mame	Robotron 2084 (USA) (Beta) (1983-10-12)
037157f9	a5200_rom	mame	Last Starfighter, The (USA) (Proto) (1984-05-08)
041ad5b3	a5200_2chips	mame	RealSports Soccer (USA) (Beta) (1982-08-26)
132eed8e	a5200_2chips	mame	Stargate (USA) (Proto 1) (1983-11-21)
16608c3e	a5200_rom	mame	3-D Asteroids (USA) (Demo)
18e0793f	a5200_rom	size	Spitfire (USA) (Proto) (1983-09-30)
1a67a0f5	a5200_2chips	mame	Stargate (USA) (Proto 2) (1984-01-13)
1aa94fec	a5200_rom	size	Meebzork (USA) (Proto) (1983-11-16)
1cf10560	a5200_rom	size	Vanguard (USA) (Beta) (1983-02-01)
1d544455	a5200_rom	size	Asteroids (USA) (Proto) (Final)
200578dd	a5200_2chips	mame	Choplifter! (USA) (Beta 1) (1984-01-04)
21d19c8f	a5200_rom	size	Barroom Baseball (USA) (Proto 1)
22abbbc7	a5200_rom	mame	James Bond 007 (USA) (Beta)
23c21720	a5200_rom	size	Frisky Tom (USA) (Proto) (1983-01-20)
28a0bef6	a5200_rom	size	Moon Patrol (USA) (Beta 4)
29178296	a5200_2chips	mame	Xari Arena (USA) (Proto) (1983-09-20)
3015bb24	a5200_2chips	mame	Space Dungeon (USA) (Beta) (1983-01-20)
33b70206	a5200_rom	trace	Star Trek - Strategic Operations Simulator (USA) (Alt)
38a8afa9	a5200_2chips	mame	Microgammon SB (USA) (Proto) (1983-08-15)
3a6e6133	a5200_rom	size	Galaxian (USA) (Alt)
3da972c8	a5200_rom	size	Atari PAM Diagnostics (USA) (v1.1)
40657c26	a5200_2chips	trace	Black Belt (USA) (Proto 1)
408d29de	a5200_2chips	mame	Joust (USA) (Beta) (1983-06-12)
4241582d	a5200_2chips	mame	Gyruss (USA) (Rev 1)
4248d3e3	a5200_rom	size	[BIOS] Atari 5200 (USA)
4bac5dd9	a5200_2chips	mame	Star Raiders (USA) (Alt)
5342a8b4	a5200_rom	size	Xari Arena (USA) (Proto) (1983-08-31)
565f3e21	a5200_rom	size	Spitfire (USA) (Proto) (1983-10-13)
573f8fd1	a5200_rom	size	Dig Dug (USA) (Beta) (1983-04-07)
63e81003	a5200_rom	size	Dig Dug (USA) (Beta) (1983-06-20)
63fa1ef9	a5200_2chips	mame	BerZerk (USA) (Beta 4) (1983-08-xx)
6547b51f	a5200_rom	size	RealSports Baseball (USA) (Beta) (1983-07-06)
659fc323	a5200_rom	size	BerZerk (USA) (Beta 3) (1983-08-03)
665289e4	a5200_2chips	mame	Moon Patrol (USA) (Beta 1) (1983-09-14)
6b3f1179	a5200_rom	size	Mario Bros. (USA) (Alt)
710bfe06	a5200_rom	size	A.E. (USA) (Proto 2) (1984-01-04)
74c4fb9f	a5200_2chips	mame	Xari Arena (USA) (Proto) (1983-06-24)
8550a9e9	a5200_2chips	mame	BerZerk (USA) (Beta 1) (1983-06-01)
893a6846	a5200_rom	size	Space Dungeon (USA) (Beta) (1983-03-09)
8a1a2b60	a5200_2chips	mame	Sport Goofy (USA) (Proto) (1983-03-28)
8a5ad939	a5200_rom	size	Microgammon SB (USA) (Proto) (1983-07-16)
8b5d3567	a5200_2chips	mame	Xari Arena (USA) (Proto) (1983-05-10)
906cc57b	a5200_rom	size	Moon Patrol (USA) (Beta 3)
9209ca2b	a5200_rom	mame	Choplifter! (USA) (Beta 3)
957a4205	a5200_rom	size	Missile Command (Europe) (Proto) (1982-04-04)
97c69f4b	a5200_rom	size	Gyruss (USA) (Beta) (1984-04-23)
abc1d1ff	a5200_2chips	mame	Meebzork (USA) (Proto) (1983-05-03)
bb705dc9	a5200_rom	size	Ballblazer (USA) (Beta) (1984-01-20)
bbb3c9f2	a5200_2chips	mame	Meebzork (USA) (Proto) (1983-05-18)
be9a2abd	a5200_2chips	mame	Vanguard (USA) (Beta) (1983-01-05)
bee87e6f	a5200_rom	mame	Choplifter! (USA) (Beta 2) (1984-01-13)
c1899b05	a5200_rom	size	Black Belt (USA) (Proto 2)
c9853d0e	a5200_rom	size	Xari Arena (USA) (Proto) (1983-08-25)
cc0ec2d4	a5200_2chips	mame	Jungle Hunt (USA) (Beta) (1983-04-07)
cfa0d4da	a5200_rom	size	Galaxian (USA) (Demo) (Kiosk)
d0704419	a5200_rom	size	Pengo (USA) (Beta) (1983-08-10)
d18fa8c8	a5200_rom	size	Barroom Baseball (USA) (Proto 2) (1983-11-21)
d78c2f4d	a5200_rom	mame	Robotron 2084 (USA) (Beta) (1983-09-20)
da7685e6	a5200_rom	mame	Millipede (USA) (Proto) (1984-01-05)
db982c2f	a5200_rom	size	Spitfire (USA) (Proto) (1983-11-03)
de64498a	a5200_rom	mame	Space Race (USA) (Demo)
def2a207	a5200_rom	size	Ballblazer (USA)
e43d0d8a	a5200_2chips	trace	Pac-Man (USA) (Demo) (Kiosk)
ea9b852c	a5200_rom	mame	Super Pac-Man (USA) (Proto) (1984-03-15)
eb5b5c64	a5200_2chips	mame	Tempest (USA) (Proto) (1984-03-15)
ec08160d	a5200_rom	size	RealSports Baseball (USA) (Beta) (1983-02-11)
eddb9265	a5200_rom	mame	Millipede (USA) (Proto) (1984-01-04)
ee587f6e	a5200_rom	mame	Track and Field (USA) (Proto) (1984-04-18)
efa00f88	a5200_2chips	mame	BerZerk (USA) (Beta 2) (1983-07-31)
f085ea1f	a5200_rom	size	Pengo (USA) (Beta) (1983-07-27)
f208a675	a5200_rom	size	Rescue on Fractalus! (USA) (Beta) (1984-02-29)
f270252c	a5200_rom	size	Jungle Hunt (USA) (Beta) (1983-05-02)
f6aaff07	a5200_2chips	mame	Moon Patrol (USA) (Beta 2) (1983-09-19)
fd8f0cd4	a5200_2chips	mame	Super Pac-Man (USA) (Proto) (Final)
